"RelativePath","FileName","Extension","Language","SourceType","IsAI","TotalLines","CodeLines","CommentLines","BlankLines","CommentDensityPct","FunctionsMethods","ClassDefs","ComplexityScore","SizeBytes","SizeKB","LastModified","LastModifiedDate","CreatedDate","FolderLevel1","FolderLevel2","FolderLevel3"
"data/java/AI/A1.java","A1.java",".java","Java","AI","1","80","63","7","10","11.11","7","0","39.9","2387","2.33","2026-04-14 21:52:44","2026-04-14","2026-04-14 21:52:44","data","java","AI"
"data/java/AI/A10.java","A10.java",".java","Java","AI","1","52","37","7","8","18.92","1","0","17.5","1797","1.75","2026-04-14 21:52:44","2026-04-14","2026-04-14 21:52:44","data","java","AI"
"data/java/AI/A11.java","A11.java",".java","Java","AI","1","92","61","14","17","22.95","13","0","51.8","3160","3.09","2026-04-14 21:52:44","2026-04-14","2026-04-14 21:52:44","data","java","AI"
"data/java/AI/A12.java","A12.java",".java","Java","AI","1","62","50","2","10","4","8","1","39.2","2083","2.03","2026-04-14 21:52:44","2026-04-14","2026-04-14 21:52:44","data","java","AI"
"data/java/AI/A13.java","A13.java",".java","Java","AI","1","50","32","5","13","15.62","5","0","23.3","1601","1.56","2026-04-14 21:52:44","2026-04-14","2026-04-14 21:52:44","data","java","AI"
"data/java/AI/A14.java","A14.java",".java","Java","AI","1","127","97","14","16","14.43","23","3","95.2","3482","3.4","2026-04-14 21:52:44","2026-04-14","2026-04-14 21:52:44","data","java","AI"
"data/java/AI/A15.java","A15.java",".java","Java","AI","1","113","89","10","14","11.24","24","2","90.6","3201","3.13","2026-04-14 21:52:44","2026-04-14","2026-04-14 21:52:44","data","java","AI"
"data/java/AI/A16.java","A16.java",".java","Java","AI","1","122","96","11","15","11.46","26","2","97.5","3424","3.34","2026-04-14 21:52:44","2026-04-14","2026-04-14 21:52:44","data","java","AI"
"data/java/AI/A17.java","A17.java",".java","Java","AI","1","94","72","9","13","12.5","18","2","71.7","2731","2.67","2026-04-14 21:52:44","2026-04-14","2026-04-14 21:52:44","data","java","AI"
"data/java/AI/A18.java","A18.java",".java","Java","AI","1","105","81","10","14","12.35","21","2","81.4","2934","2.87","2026-04-14 21:52:44","2026-04-14","2026-04-14 21:52:44","data","java","AI"
"data/java/AI/A2.java","A2.java",".java","Java","AI","1","71","59","5","7","8.47","7","0","38.1","2543","2.48","2026-04-14 21:52:44","2026-04-14","2026-04-14 21:52:44","data","java","AI"
"data/java/AI/A3.java","A3.java",".java","Java","AI","1","88","68","8","12","11.76","9","0","46","2792","2.73","2026-04-14 21:52:44","2026-04-14","2026-04-14 21:52:44","data","java","AI"
"data/java/AI/A4.java","A4.java",".java","Java","AI","1","78","56","10","12","17.86","10","0","43.4","2717","2.65","2026-04-14 21:52:44","2026-04-14","2026-04-14 21:52:44","data","java","AI"
"data/java/AI/A5.java","A5.java",".java","Java","AI","1","48","33","6","9","18.18","4","0","21.8","1564","1.53","2026-04-14 21:52:44","2026-04-14","2026-04-14 21:52:44","data","java","AI"
"data/java/AI/A6.java","A6.java",".java","Java","AI","1","73","57","7","9","12.28","10","0","43.5","2515","2.46","2026-04-14 21:52:44","2026-04-14","2026-04-14 21:52:44","data","java","AI"
"data/java/AI/A7.java","A7.java",".java","Java","AI","1","60","48","3","9","6.25","6","0","31.5","1917","1.87","2026-04-14 21:52:44","2026-04-14","2026-04-14 21:52:44","data","java","AI"
"data/java/AI/A8.java","A8.java",".java","Java","AI","1","63","51","6","6","11.76","6","0","33","2355","2.3","2026-04-14 21:52:44","2026-04-14","2026-04-14 21:52:44","data","java","AI"
"data/java/AI/A9.java","A9.java",".java","Java","AI","1","41","28","6","7","21.43","3","0","17.8","1227","1.2","2026-04-14 21:52:44","2026-04-14","2026-04-14 21:52:44","data","java","AI"
"data/java/Human/H1.java","H1.java",".java","Java","Human","0","61","54","0","7","0","8","0","37.6","1650","1.61","2026-04-14 21:52:44","2026-04-14","2026-04-14 21:52:44","data","java","Human"
"data/java/Human/H10.java","H10.java",".java","Java","Human","0","49","42","0","7","0","7","0","30.8","1324","1.29","2026-04-14 21:52:44","2026-04-14","2026-04-14 21:52:44","data","java","Human"
"data/java/Human/H11.java","H11.java",".java","Java","Human","0","64","61","3","0","4.92","14","0","52.7","2101","2.05","2026-04-14 21:52:44","2026-04-14","2026-04-14 21:52:44","data","java","Human"
"data/java/Human/H12.java","H12.java",".java","Java","Human","0","45","44","0","1","0","8","1","36.6","1500","1.46","2026-04-14 21:52:44","2026-04-14","2026-04-14 21:52:44","data","java","Human"
"data/java/Human/H13.java","H13.java",".java","Java","Human","0","37","32","0","5","0","4","0","20.8","1179","1.15","2026-04-14 21:52:44","2026-04-14","2026-04-14 21:52:44","data","java","Human"
"data/java/Human/H14.java","H14.java",".java","Java","Human","0","113","97","1","15","1.03","23","3","93.9","2656","2.59","2026-04-14 21:52:44","2026-04-14","2026-04-14 21:52:44","data","java","Human"
"data/java/Human/H15.java","H15.java",".java","Java","Human","0","101","89","0","12","0","24","2","89.6","2521","2.46","2026-04-14 21:52:44","2026-04-14","2026-04-14 21:52:44","data","java","Human"
"data/java/Human/H16.java","H16.java",".java","Java","Human","0","109","96","0","13","0","26","2","96.4","2687","2.62","2026-04-14 21:52:44","2026-04-14","2026-04-14 21:52:44","data","java","Human"
"data/java/Human/H17.java","H17.java",".java","Java","Human","0","83","72","0","11","0","18","2","70.8","2045","2","2026-04-14 21:52:44","2026-04-14","2026-04-14 21:52:44","data","java","Human"
"data/java/Human/H18.java","H18.java",".java","Java","Human","0","93","81","0","12","0","21","2","80.4","2267","2.21","2026-04-14 21:52:44","2026-04-14","2026-04-14 21:52:44","data","java","Human"
"data/java/Human/H2.java","H2.java",".java","Java","Human","0","59","54","0","5","0","10","0","41.6","1767","1.73","2026-04-14 21:52:44","2026-04-14","2026-04-14 21:52:44","data","java","Human"
"data/java/Human/H3.java","H3.java",".java","Java","Human","0","63","56","0","7","0","12","0","46.4","1806","1.76","2026-04-14 21:52:44","2026-04-14","2026-04-14 21:52:44","data","java","Human"
"data/java/Human/H4.java","H4.java",".java","Java","Human","0","63","54","0","9","0","12","0","45.6","1846","1.8","2026-04-14 21:52:44","2026-04-14","2026-04-14 21:52:44","data","java","Human"
"data/java/Human/H5.java","H5.java",".java","Java","Human","0","34","28","0","6","0","3","0","17.2","812","0.79","2026-04-14 21:52:44","2026-04-14","2026-04-14 21:52:44","data","java","Human"
"data/java/Human/H6.java","H6.java",".java","Java","Human","0","62","55","0","7","0","10","0","42","1531","1.5","2026-04-14 21:52:44","2026-04-14","2026-04-14 21:52:44","data","java","Human"
"data/java/Human/H7.java","H7.java",".java","Java","Human","0","44","39","0","5","0","6","0","27.6","1203","1.17","2026-04-14 21:52:44","2026-04-14","2026-04-14 21:52:44","data","java","Human"
"data/java/Human/H8.java","H8.java",".java","Java","Human","0","46","41","0","5","0","7","0","30.4","1472","1.44","2026-04-14 21:52:44","2026-04-14","2026-04-14 21:52:44","data","java","Human"
"data/java/Human/H9.java","H9.java",".java","Java","Human","0","25","20","0","5","0","3","0","14","743","0.73","2026-04-14 21:52:44","2026-04-14","2026-04-14 21:52:44","data","java","Human"
"data/js/AI/A1.js","A1.js",".js","JavaScript","AI","1","60","43","7","10","16.28","5","0","27.9","1591","1.55","2026-04-14 21:52:44","2026-04-14","2026-04-14 21:52:44","data","js","AI"
"data/js/AI/A10.js","A10.js",".js","JavaScript","AI","1","37","23","6","8","26.09","3","0","15.8","1077","1.05","2026-04-14 21:52:44","2026-04-14","2026-04-14 21:52:44","data","js","AI"
"data/js/AI/A11.js","A11.js",".js","JavaScript","AI","1","112","84","15","13","17.86","25","0","85.1","2681","2.62","2026-04-14 21:52:44","2026-04-14","2026-04-14 21:52:44","data","js","AI"
"data/js/AI/A12.js","A12.js",".js","JavaScript","AI","1","111","84","14","13","16.67","25","0","85","2579","2.52","2026-04-14 21:52:44","2026-04-14","2026-04-14 21:52:44","data","js","AI"
"data/js/AI/A13.js","A13.js",".js","JavaScript","AI","1","64","59","0","5","0","1","0","25.6","1490","1.46","2026-04-14 21:52:44","2026-04-14","2026-04-14 21:52:44","data","js","AI"
"data/js/AI/A14.js","A14.js",".js","JavaScript","AI","1","54","41","5","8","12.2","3","0","22.9","1454","1.42","2026-04-14 21:52:44","2026-04-14","2026-04-14 21:52:44","data","js","AI"
"data/js/AI/A15.js","A15.js",".js","JavaScript","AI","1","86","78","0","8","0","1","0","33.2","1988","1.94","2026-04-14 21:52:44","2026-04-14","2026-04-14 21:52:44","data","js","AI"
"data/js/AI/A16.js","A16.js",".js","JavaScript","AI","1","57","45","6","6","13.33","1","0","20.6","1548","1.51","2026-04-14 21:52:44","2026-04-14","2026-04-14 21:52:44","data","js","AI"
"data/js/AI/A17.js","A17.js",".js","JavaScript","AI","1","64","59","0","5","0","1","0","25.6","1430","1.4","2026-04-14 21:52:44","2026-04-14","2026-04-14 21:52:44","data","js","AI"
"data/js/AI/A18.js","A18.js",".js","JavaScript","AI","1","55","42","5","8","11.9","3","0","23.3","1372","1.34","2026-04-14 21:52:44","2026-04-14","2026-04-14 21:52:44","data","js","AI"
"data/js/AI/A19.js","A19.js",".js","JavaScript","AI","1","59","52","0","7","0","3","0","26.8","1530","1.49","2026-04-14 21:52:44","2026-04-14","2026-04-14 21:52:44","data","js","AI"
"data/js/AI/A2.js","A2.js",".js","JavaScript","AI","1","73","49","11","13","22.45","11","0","42.7","1850","1.81","2026-04-14 21:52:44","2026-04-14","2026-04-14 21:52:44","data","js","AI"
"data/js/AI/A20.js","A20.js",".js","JavaScript","AI","1","35","31","0","4","0","2","0","16.4","805","0.79","2026-04-14 21:52:44","2026-04-14","2026-04-14 21:52:44","data","js","AI"
"data/js/AI/A21.js","A21.js",".js","JavaScript","AI","1","53","46","0","7","0","3","0","24.4","1194","1.17","2026-04-14 21:52:44","2026-04-14","2026-04-14 21:52:44","data","js","AI"
"data/js/AI/A3.js","A3.js",".js","JavaScript","AI","1","52","35","8","9","22.86","7","0","28.8","1497","1.46","2026-04-14 21:52:44","2026-04-14","2026-04-14 21:52:44","data","js","AI"
"data/js/AI/A4.js","A4.js",".js","JavaScript","AI","1","64","48","6","10","12.5","3","0","25.8","2058","2.01","2026-04-14 21:52:44","2026-04-14","2026-04-14 21:52:44","data","js","AI"
"data/js/AI/A5.js","A5.js",".js","JavaScript","AI","1","60","42","12","6","28.57","3","0","24","1583","1.55","2026-04-14 21:52:44","2026-04-14","2026-04-14 21:52:44","data","js","AI"
"data/js/AI/A6.js","A6.js",".js","JavaScript","AI","1","55","37","9","9","24.32","0","0","15.7","1540","1.5","2026-04-14 21:52:44","2026-04-14","2026-04-14 21:52:44","data","js","AI"
"data/js/AI/A7.js","A7.js",".js","JavaScript","AI","1","30","23","2","5","8.7","2","0","13.4","758","0.74","2026-04-14 21:52:44","2026-04-14","2026-04-14 21:52:44","data","js","AI"
"data/js/AI/A8.js","A8.js",".js","JavaScript","AI","1","32","24","2","6","8.33","2","0","13.8","981","0.96","2026-04-14 21:52:44","2026-04-14","2026-04-14 21:52:44","data","js","AI"
"data/js/AI/A9.js","A9.js",".js","JavaScript","AI","1","21","11","5","5","45.45","0","0","4.9","598","0.58","2026-04-14 21:52:44","2026-04-14","2026-04-14 21:52:44","data","js","AI"
"data/js/Human/H1.js","H1.js",".js","JavaScript","Human","0","43","35","2","6","5.71","4","0","22.2","1037","1.01","2026-04-14 21:52:44","2026-04-14","2026-04-14 21:52:44","data","js","Human"
"data/js/Human/H10.js","H10.js",".js","JavaScript","Human","0","33","23","2","8","8.7","3","0","15.4","778","0.76","2026-04-14 21:52:44","2026-04-14","2026-04-14 21:52:44","data","js","Human"
"data/js/Human/H11.js","H11.js",".js","JavaScript","Human","0","99","84","3","12","3.57","25","0","83.9","2007","1.96","2026-04-14 21:52:44","2026-04-14","2026-04-14 21:52:44","data","js","Human"
"data/js/Human/H12.js","H12.js",".js","JavaScript","Human","0","100","84","3","13","3.57","25","0","83.9","1972","1.93","2026-04-14 21:52:44","2026-04-14","2026-04-14 21:52:44","data","js","Human"
"data/js/Human/H13.js","H13.js",".js","JavaScript","Human","0","46","39","0","7","0","1","0","17.6","1135","1.11","2026-04-14 21:52:44","2026-04-14","2026-04-14 21:52:44","data","js","Human"
"data/js/Human/H14.js","H14.js",".js","JavaScript","Human","0","44","37","0","7","0","2","0","18.8","981","0.96","2026-04-14 21:52:44","2026-04-14","2026-04-14 21:52:44","data","js","Human"
"data/js/Human/H15.js","H15.js",".js","JavaScript","Human","0","69","62","0","7","0","1","0","26.8","1590","1.55","2026-04-14 21:52:44","2026-04-14","2026-04-14 21:52:44","data","js","Human"
"data/js/Human/H16.js","H16.js",".js","JavaScript","Human","0","43","35","0","8","0","2","0","18","967","0.94","2026-04-14 21:52:44","2026-04-14","2026-04-14 21:52:44","data","js","Human"
"data/js/Human/H17.js","H17.js",".js","JavaScript","Human","0","49","43","0","6","0","1","0","19.2","1124","1.1","2026-04-14 21:52:44","2026-04-14","2026-04-14 21:52:44","data","js","Human"
"data/js/Human/H18.js","H18.js",".js","JavaScript","Human","0","40","33","0","7","0","2","0","17.2","939","0.92","2026-04-14 21:52:44","2026-04-14","2026-04-14 21:52:44","data","js","Human"
"data/js/Human/H19.js","H19.js",".js","JavaScript","Human","0","40","37","0","3","0","1","0","16.8","1088","1.06","2026-04-14 21:52:44","2026-04-14","2026-04-14 21:52:44","data","js","Human"
"data/js/Human/H2.js","H2.js",".js","JavaScript","Human","0","60","46","3","11","6.52","11","0","40.7","1174","1.15","2026-04-14 21:52:44","2026-04-14","2026-04-14 21:52:44","data","js","Human"
"data/js/Human/H20.js","H20.js",".js","JavaScript","Human","0","42","36","0","6","0","1","0","16.4","834","0.81","2026-04-14 21:52:44","2026-04-14","2026-04-14 21:52:44","data","js","Human"
"data/js/Human/H21.js","H21.js",".js","JavaScript","Human","0","44","39","0","5","0","1","0","17.6","891","0.87","2026-04-14 21:52:44","2026-04-14","2026-04-14 21:52:44","data","js","Human"
"data/js/Human/H3.js","H3.js",".js","JavaScript","Human","0","46","35","5","6","14.29","7","0","28.5","1087","1.06","2026-04-14 21:52:44","2026-04-14","2026-04-14 21:52:44","data","js","Human"
"data/js/Human/H4.js","H4.js",".js","JavaScript","Human","0","57","48","0","9","0","3","0","25.2","1412","1.38","2026-04-14 21:52:44","2026-04-14","2026-04-14 21:52:44","data","js","Human"
"data/js/Human/H5.js","H5.js",".js","JavaScript","Human","0","38","30","2","6","6.67","4","0","20.2","1026","1","2026-04-14 21:52:44","2026-04-14","2026-04-14 21:52:44","data","js","Human"
"data/js/Human/H6.js","H6.js",".js","JavaScript","Human","0","44","33","2","9","6.06","0","0","13.4","1103","1.08","2026-04-14 21:52:44","2026-04-14","2026-04-14 21:52:44","data","js","Human"
"data/js/Human/H7.js","H7.js",".js","JavaScript","Human","0","29","23","2","4","8.7","2","0","13.4","531","0.52","2026-04-14 21:52:44","2026-04-14","2026-04-14 21:52:44","data","js","Human"
"data/js/Human/H8.js","H8.js",".js","JavaScript","Human","0","29","22","2","5","9.09","2","0","13","783","0.76","2026-04-14 21:52:44","2026-04-14","2026-04-14 21:52:44","data","js","Human"
"data/js/Human/H9.js","H9.js",".js","JavaScript","Human","0","18","11","2","5","18.18","0","0","4.6","400","0.39","2026-04-14 21:52:44","2026-04-14","2026-04-14 21:52:44","data","js","Human"
"data/python/ai/aicodedetector.py","aicodedetector.py",".py","Python","AI","1","452","327","29","96","8.87","13","4","171.7","17552","17.14","2026-04-14 21:52:44","2026-04-14","2026-04-14 21:52:44","data","python","ai"
"data/python/ai/Astar.py","Astar.py",".py","Python","AI","1","64","48","5","11","10.42","3","0","25.7","1657","1.62","2026-04-14 21:52:44","2026-04-14","2026-04-14 21:52:44","data","python","ai"
"data/python/ai/Binary_search.py","Binary_search.py",".py","Python","AI","1","32","26","1","5","3.85","1","1","15.5","795","0.78","2026-04-14 21:52:44","2026-04-14","2026-04-14 21:52:44","data","python","ai"
"data/python/ai/Calculator.py","Calculator.py",".py","Python","AI","1","13","12","0","1","0","1","0","6.8","363","0.35","2026-04-14 21:52:44","2026-04-14","2026-04-14 21:52:44","data","python","ai"
"data/python/ai/Circular.py","Circular.py",".py","Python","AI","1","39","33","1","5","3.03","4","2","27.3","956","0.93","2026-04-14 21:52:44","2026-04-14","2026-04-14 21:52:44","data","python","ai"
"data/python/ai/Circular2.py","Circular2.py",".py","Python","AI","1","41","35","1","5","2.86","4","2","28.1","1029","1","2026-04-14 21:52:44","2026-04-14","2026-04-14 21:52:44","data","python","ai"
"data/python/ai/Data.py","Data.py",".py","Python","AI","1","11","9","0","2","0","0","0","3.6","214","0.21","2026-04-14 21:52:44","2026-04-14","2026-04-14 21:52:44","data","python","ai"
"data/python/ai/dataanalysis.py","dataanalysis.py",".py","Python","AI","1","368","252","47","69","18.65","9","1","126.5","13465","13.15","2026-04-14 21:52:44","2026-04-14","2026-04-14 21:52:44","data","python","ai"
"data/python/ai/Detecting.py","Detecting.py",".py","Python","AI","1","33","25","2","6","8","4","2","24.2","728","0.71","2026-04-14 21:52:44","2026-04-14","2026-04-14 21:52:44","data","python","ai"
"data/python/ai/Doubly.py","Doubly.py",".py","Python","AI","1","65","56","1","8","1.79","7","2","42.5","1691","1.65","2026-04-14 21:52:44","2026-04-14","2026-04-14 21:52:44","data","python","ai"
"data/python/ai/emailautomation.py","emailautomation.py",".py","Python","AI","1","740","576","40","124","6.94","18","5","285.4","28028","27.37","2026-04-14 21:52:44","2026-04-14","2026-04-14 21:52:44","data","python","ai"
"data/python/ai/FC_BC.py","FC_BC.py",".py","Python","AI","1","44","37","2","5","5.41","3","0","21","1284","1.25","2026-04-14 21:52:44","2026-04-14","2026-04-14 21:52:44","data","python","ai"
"data/python/ai/Fibanocci_Series.py","Fibanocci_Series.py",".py","Python","AI","1","16","13","0","3","0","1","0","7.2","327","0.32","2026-04-14 21:52:44","2026-04-14","2026-04-14 21:52:44","data","python","ai"
"data/python/ai/filemanagement.py","filemanagement.py",".py","Python","AI","1","118","99","4","15","4.04","2","1","47","3626","3.54","2026-04-14 21:52:44","2026-04-14","2026-04-14 21:52:44","data","python","ai"
"data/python/ai/Game.py","Game.py",".py","Python","AI","1","16","12","0","4","0","0","0","4.8","335","0.33","2026-04-14 21:52:44","2026-04-14","2026-04-14 21:52:44","data","python","ai"
"data/python/ai/Image_Resizer.py","Image_Resizer.py",".py","Python","AI","1","38","21","8","9","38.1","0","0","9.2","1062","1.04","2026-04-14 21:52:44","2026-04-14","2026-04-14 21:52:44","data","python","ai"
"data/python/ai/Instagram.py","Instagram.py",".py","Python","AI","1","32","21","5","6","23.81","0","0","8.9","1391","1.36","2026-04-14 21:52:44","2026-04-14","2026-04-14 21:52:44","data","python","ai"
"data/python/ai/judgePoint24.py","judgePoint24.py",".py","Python","AI","1","28","21","4","3","19.05","2","1","15.8","1254","1.22","2026-04-14 21:52:44","2026-04-14","2026-04-14 21:52:44","data","python","ai"
"data/python/ai/Largest.py","Largest.py",".py","Python","AI","1","26","16","5","5","31.25","0","0","6.9","785","0.77","2026-04-14 21:52:44","2026-04-14","2026-04-14 21:52:44","data","python","ai"
"data/python/ai/LengthS.py","LengthS.py",".py","Python","AI","1","19","11","4","4","36.36","0","0","4.8","612","0.6","2026-04-14 21:52:44","2026-04-14","2026-04-14 21:52:44","data","python","ai"
"data/python/ai/Linear_search.py","Linear_search.py",".py","Python","AI","1","22","15","4","3","26.67","0","0","6.4","464","0.45","2026-04-14 21:52:44","2026-04-14","2026-04-14 21:52:44","data","python","ai"
"data/python/ai/LL.py","LL.py",".py","Python","AI","1","156","137","8","11","5.84","11","2","83.6","4802","4.69","2026-04-14 21:52:44","2026-04-14","2026-04-14 21:52:44","data","python","ai"
"data/python/ai/Machine.py","Machine.py",".py","Python","AI","1","13","7","3","3","42.86","0","0","3.1","270","0.26","2026-04-14 21:52:44","2026-04-14","2026-04-14 21:52:44","data","python","ai"
"data/python/ai/Merge.py","Merge.py",".py","Python","AI","1","32","26","1","5","3.85","3","1","19.5","772","0.75","2026-04-14 21:52:44","2026-04-14","2026-04-14 21:52:44","data","python","ai"
"data/python/ai/Miss_Can.py","Miss_Can.py",".py","Python","AI","1","103","91","0","12","0","6","0","48.4","4176","4.08","2026-04-14 21:52:44","2026-04-14","2026-04-14 21:52:44","data","python","ai"
"data/python/ai/Palindrome.py","Palindrome.py",".py","Python","AI","1","21","15","2","4","13.33","0","0","6.2","628","0.61","2026-04-14 21:52:44","2026-04-14","2026-04-14 21:52:44","data","python","ai"
"data/python/ai/Pattern.py","Pattern.py",".py","Python","AI","1","86","76","0","10","0","6","0","42.4","2979","2.91","2026-04-14 21:52:44","2026-04-14","2026-04-14 21:52:44","data","python","ai"
"data/python/ai/PDF_Merger.py","PDF_Merger.py",".py","Python","AI","1","13","8","1","4","12.5","0","0","3.3","280","0.27","2026-04-14 21:52:44","2026-04-14","2026-04-14 21:52:44","data","python","ai"
"data/python/ai/Perfect_Number.py","Perfect_Number.py",".py","Python","AI","1","8","7","0","1","0","0","0","2.8","230","0.22","2026-04-14 21:52:44","2026-04-14","2026-04-14 21:52:44","data","python","ai"
"data/python/ai/Prime.py","Prime.py",".py","Python","AI","1","9","8","1","0","12.5","0","0","3.3","220","0.21","2026-04-14 21:52:44","2026-04-14","2026-04-14 21:52:44","data","python","ai"
"data/python/ai/Qaudratic.py","Qaudratic.py",".py","Python","AI","1","4","3","1","0","33.33","0","0","1.3","133","0.13","2026-04-14 21:52:44","2026-04-14","2026-04-14 21:52:44","data","python","ai"
"data/python/ai/Queens_8.py","Queens_8.py",".py","Python","AI","1","66","46","4","16","8.7","4","0","26.8","1481","1.45","2026-04-14 21:52:44","2026-04-14","2026-04-14 21:52:44","data","python","ai"
"data/python/ai/Reversing.py","Reversing.py",".py","Python","AI","1","38","31","1","6","3.23","5","2","28.5","876","0.86","2026-04-14 21:52:44","2026-04-14","2026-04-14 21:52:44","data","python","ai"
"data/python/ai/Robo_Speaker.py","Robo_Speaker.py",".py","Python","AI","1","28","18","5","5","27.78","0","0","7.7","790","0.77","2026-04-14 21:52:44","2026-04-14","2026-04-14 21:52:44","data","python","ai"
"data/python/ai/Rock_Paper_Scissor.py","Rock_Paper_Scissor.py",".py","Python","AI","1","36","27","1","8","3.7","1","0","12.9","1050","1.03","2026-04-14 21:52:44","2026-04-14","2026-04-14 21:52:44","data","python","ai"
"data/python/ai/Senior_Citizen.py","Senior_Citizen.py",".py","Python","AI","1","17","9","4","4","44.44","0","0","4","411","0.4","2026-04-14 21:52:44","2026-04-14","2026-04-14 21:52:44","data","python","ai"
"data/python/ai/Singly.py","Singly.py",".py","Python","AI","1","52","44","1","7","2.27","6","2","35.7","1261","1.23","2026-04-14 21:52:44","2026-04-14","2026-04-14 21:52:44","data","python","ai"
"data/python/ai/SLL.py","SLL.py",".py","Python","AI","1","68","49","8","11","16.33","6","2","38.4","1545","1.51","2026-04-14 21:52:44","2026-04-14","2026-04-14 21:52:44","data","python","ai"
"data/python/ai/Student_Details.py","Student_Details.py",".py","Python","AI","1","23","14","5","4","35.71","0","0","6.1","539","0.53","2026-04-14 21:52:44","2026-04-14","2026-04-14 21:52:44","data","python","ai"
"data/python/ai/Sum.py","Sum.py",".py","Python","AI","1","20","9","6","5","66.67","0","0","4.2","486","0.47","2026-04-14 21:52:44","2026-04-14","2026-04-14 21:52:44","data","python","ai"
"data/python/ai/taskmanagement.py","taskmanagement.py",".py","Python","AI","1","929","713","59","157","8.27","22","6","353.1","35536","34.7","2026-04-14 21:52:44","2026-04-14","2026-04-14 21:52:44","data","python","ai"
"data/python/ai/Test1.py","Test1.py",".py","Python","AI","1","57","40","8","9","20","2","1","23.8","1881","1.84","2026-04-14 21:52:44","2026-04-14","2026-04-14 21:52:44","data","python","ai"
"data/python/ai/Triangle_Side.py","Triangle_Side.py",".py","Python","AI","1","14","9","3","2","33.33","1","0","5.9","395","0.39","2026-04-14 21:52:44","2026-04-14","2026-04-14 21:52:44","data","python","ai"
"data/python/ai/TT3.py","TT3.py",".py","Python","AI","1","22","16","1","5","6.25","1","0","8.5","514","0.5","2026-04-14 21:52:44","2026-04-14","2026-04-14 21:52:44","data","python","ai"
"data/python/ai/water_jug.py","water_jug.py",".py","Python","AI","1","64","38","11","15","28.95","1","0","18.3","1430","1.4","2026-04-14 21:52:44","2026-04-14","2026-04-14 21:52:44","data","python","ai"
"data/python/ai/Web.py","Web.py",".py","Python","AI","1","9","7","0","2","0","0","0","2.8","223","0.22","2026-04-14 21:52:44","2026-04-14","2026-04-14 21:52:44","data","python","ai"
"data/python/ai/webscrapper.py","webscrapper.py",".py","Python","AI","1","470","351","27","92","7.69","12","2","173.1","16974","16.58","2026-04-14 21:52:44","2026-04-14","2026-04-14 21:52:44","data","python","ai"
"data/python/ai/zeroFilledSubarray.py","zeroFilledSubarray.py",".py","Python","AI","1","16","12","1","3","8.33","1","0","6.9","346","0.34","2026-04-14 21:52:44","2026-04-14","2026-04-14 21:52:44","data","python","ai"
"data/python/human/Astar.py","Astar.py",".py","Python","Human","0","66","59","0","7","0","3","0","29.6","1628","1.59","2026-04-14 21:52:44","2026-04-14","2026-04-14 21:52:44","data","python","human"
"data/python/human/avg_height.py","avg_height.py",".py","Python","Human","0","12","10","0","2","0","0","0","4","166","0.16","2026-04-14 21:52:44","2026-04-14","2026-04-14 21:52:44","data","python","human"
"data/python/human/bill_pay.py","bill_pay.py",".py","Python","Human","0","15","7","6","2","85.71","0","0","3.4","286","0.28","2026-04-14 21:52:44","2026-04-14","2026-04-14 21:52:44","data","python","human"
"data/python/human/Binary_search.py","Binary_search.py",".py","Python","Human","0","26","25","0","1","0","1","1","15","592","0.58","2026-04-14 21:52:44","2026-04-14","2026-04-14 21:52:44","data","python","human"
"data/python/human/Bitwise.py","Bitwise.py",".py","Python","Human","0","6","6","0","0","0","0","0","2.4","86","0.08","2026-04-14 21:52:44","2026-04-14","2026-04-14 21:52:44","data","python","human"
"data/python/human/BMI.py","BMI.py",".py","Python","Human","0","12","12","0","0","0","0","0","4.8","326","0.32","2026-04-14 21:52:44","2026-04-14","2026-04-14 21:52:44","data","python","human"
"data/python/human/even_no.py","even_no.py",".py","Python","Human","0","18","9","0","9","0","0","0","3.6","161","0.16","2026-04-14 21:52:44","2026-04-14","2026-04-14 21:52:44","data","python","human"
"data/python/human/FC_BC.py","FC_BC.py",".py","Python","Human","0","47","40","0","7","0","3","0","22","1297","1.27","2026-04-14 21:52:44","2026-04-14","2026-04-14 21:52:44","data","python","human"
"data/python/human/Fibanocci_Series.py","Fibanocci_Series.py",".py","Python","Human","0","9","9","0","0","0","1","0","5.6","236","0.23","2026-04-14 21:52:44","2026-04-14","2026-04-14 21:52:44","data","python","human"
"data/python/human/fizzbuzz.py","fizzbuzz.py",".py","Python","Human","0","10","9","0","1","0","0","0","3.6","194","0.19","2026-04-14 21:52:44","2026-04-14","2026-04-14 21:52:44","data","python","human"
"data/python/human/for_else.py","for_else.py",".py","Python","Human","0","10","7","2","1","28.57","0","0","3","388","0.38","2026-04-14 21:52:44","2026-04-14","2026-04-14 21:52:44","data","python","human"
"data/python/human/for_loop.py","for_loop.py",".py","Python","Human","0","23","16","3","4","18.75","0","0","6.7","370","0.36","2026-04-14 21:52:44","2026-04-14","2026-04-14 21:52:44","data","python","human"
"data/python/human/fstrings.py","fstrings.py",".py","Python","Human","0","4","4","0","0","0","0","0","1.6","109","0.11","2026-04-14 21:52:44","2026-04-14","2026-04-14 21:52:44","data","python","human"
"data/python/human/greater.py","greater.py",".py","Python","Human","0","209","142","27","40","19.01","2","0","63.5","5924","5.79","2026-04-14 21:52:44","2026-04-14","2026-04-14 21:52:44","data","python","human"
"data/python/human/identity.py","identity.py",".py","Python","Human","0","10","5","5","0","100","0","0","2.5","109","0.11","2026-04-14 21:52:44","2026-04-14","2026-04-14 21:52:44","data","python","human"
"data/python/human/if_else.py","if_else.py",".py","Python","Human","0","16","5","9","2","180","0","0","2.9","242","0.24","2026-04-14 21:52:44","2026-04-14","2026-04-14 21:52:44","data","python","human"
"data/python/human/Image_Resizer.py","Image_Resizer.py",".py","Python","Human","0","19","16","0","3","0","0","0","6.4","552","0.54","2026-04-14 21:52:44","2026-04-14","2026-04-14 21:52:44","data","python","human"
"data/python/human/Instagram.py","Instagram.py",".py","Python","Human","0","18","10","4","4","40","0","0","4.4","748","0.73","2026-04-14 21:52:44","2026-04-14","2026-04-14 21:52:44","data","python","human"
"data/python/human/judgePoint24.py","judgePoint24.py",".py","Python","Human","0","22","21","0","1","0","2","1","15.4","946","0.92","2026-04-14 21:52:44","2026-04-14","2026-04-14 21:52:44","data","python","human"
"data/python/human/Largest.py","Largest.py",".py","Python","Human","0","21","18","0","3","0","0","0","7.2","422","0.41","2026-04-14 21:52:44","2026-04-14","2026-04-14 21:52:44","data","python","human"
"data/python/human/leap_year.py","leap_year.py",".py","Python","Human","0","5","5","0","0","0","0","0","2","164","0.16","2026-04-14 21:52:44","2026-04-14","2026-04-14 21:52:44","data","python","human"
"data/python/human/LengthS.py","LengthS.py",".py","Python","Human","0","3","3","0","0","0","0","0","1.2","128","0.12","2026-04-14 21:52:44","2026-04-14","2026-04-14 21:52:44","data","python","human"
"data/python/human/Linear_search.py","Linear_search.py",".py","Python","Human","0","19","17","0","2","0","0","0","6.8","304","0.3","2026-04-14 21:52:44","2026-04-14","2026-04-14 21:52:44","data","python","human"
"data/python/human/list.py","list.py",".py","Python","Human","0","6","3","3","0","100","0","0","1.5","116","0.11","2026-04-14 21:52:44","2026-04-14","2026-04-14 21:52:44","data","python","human"
"data/python/human/LL.py","LL.py",".py","Python","Human","0","124","104","6","14","5.77","11","2","70.2","3352","3.27","2026-04-14 21:52:44","2026-04-14","2026-04-14 21:52:44","data","python","human"
"data/python/human/love.py","love.py",".py","Python","Human","0","16","16","0","0","0","0","0","6.4","350","0.34","2026-04-14 21:52:44","2026-04-14","2026-04-14 21:52:44","data","python","human"
"data/python/human/max_no.py","max_no.py",".py","Python","Human","0","22","5","12","5","240","0","0","3.2","349","0.34","2026-04-14 21:52:44","2026-04-14","2026-04-14 21:52:44","data","python","human"
"data/python/human/Miss_Can.py","Miss_Can.py",".py","Python","Human","0","46","45","0","1","0","4","0","26","1449","1.42","2026-04-14 21:52:44","2026-04-14","2026-04-14 21:52:44","data","python","human"
"data/python/human/nested_list.py","nested_list.py",".py","Python","Human","0","13","7","4","2","57.14","0","0","3.2","281","0.27","2026-04-14 21:52:44","2026-04-14","2026-04-14 21:52:44","data","python","human"
"data/python/human/operators.py","operators.py",".py","Python","Human","0","1","1","0","0","0","0","0","0.4","11","0.01","2026-04-14 21:52:44","2026-04-14","2026-04-14 21:52:44","data","python","human"
"data/python/human/Palindrome.py","Palindrome.py",".py","Python","Human","0","13","12","0","1","0","0","0","4.8","239","0.23","2026-04-14 21:52:44","2026-04-14","2026-04-14 21:52:44","data","python","human"
"data/python/human/password_generator.py","password_generator.py",".py","Python","Human","0","39","26","0","13","0","0","0","10.4","1144","1.12","2026-04-14 21:52:44","2026-04-14","2026-04-14 21:52:44","data","python","human"
"data/python/human/Pattern.py","Pattern.py",".py","Python","Human","0","36","26","5","5","19.23","4","0","18.9","680","0.66","2026-04-14 21:52:44","2026-04-14","2026-04-14 21:52:44","data","python","human"
"data/python/human/PDF_Merger.py","PDF_Merger.py",".py","Python","Human","0","9","9","0","0","0","0","0","3.6","257","0.25","2026-04-14 21:52:44","2026-04-14","2026-04-14 21:52:44","data","python","human"
"data/python/human/Perfect_Number.py","Perfect_Number.py",".py","Python","Human","0","8","8","0","0","0","0","0","3.2","246","0.24","2026-04-14 21:52:44","2026-04-14","2026-04-14 21:52:44","data","python","human"
"data/python/human/photo.py","photo.py",".py","Python","Human","0","21","20","0","1","0","0","0","8","493","0.48","2026-04-14 21:52:44","2026-04-14","2026-04-14 21:52:44","data","python","human"
"data/python/human/pizza.py","pizza.py",".py","Python","Human","0","51","48","0","3","0","0","0","19.2","1423","1.39","2026-04-14 21:52:44","2026-04-14","2026-04-14 21:52:44","data","python","human"
"data/python/human/Prime.py","Prime.py",".py","Python","Human","0","9","8","0","1","0","0","0","3.2","142","0.14","2026-04-14 21:52:44","2026-04-14","2026-04-14 21:52:44","data","python","human"
"data/python/human/public-apis___init__.py","public-apis___init__.py",".py","Python","Human","0","4","2","1","1","50","0","0","0.9","84","0.08","2026-04-14 21:52:44","2026-04-14","2026-04-14 21:52:44","data","python","human"
"data/python/human/public-apis_format.py","public-apis_format.py",".py","Python","Human","0","277","183","9","85","4.92","11","0","96.1","8741","8.54","2026-04-14 21:52:44","2026-04-14","2026-04-14 21:52:44","data","python","human"
"data/python/human/public-apis_links.py","public-apis_links.py",".py","Python","Human","0","273","186","2","85","1.08","11","0","96.6","8305","8.11","2026-04-14 21:52:44","2026-04-14","2026-04-14 21:52:44","data","python","human"
"data/python/human/public-apis_test_validate_format.py","public-apis_test_validate_format.py",".py","Python","Human","0","466","362","1","103","0.28","24","1","195.9","18620","18.18","2026-04-14 21:52:44","2026-04-14","2026-04-14 21:52:44","data","python","human"
"data/python/human/public-apis_test_validate_links.py","public-apis_test_validate_links.py",".py","Python","Human","0","172","130","3","39","2.31","9","2","76.3","5897","5.76","2026-04-14 21:52:44","2026-04-14","2026-04-14 21:52:44","data","python","human"
"data/python/human/Qaudratic.py","Qaudratic.py",".py","Python","Human","0","6","3","1","2","33.33","0","0","1.3","70","0.07","2026-04-14 21:52:44","2026-04-14","2026-04-14 21:52:44","data","python","human"
"data/python/human/Queens_8.py","Queens_8.py",".py","Python","Human","0","46","43","0","3","0","4","0","25.2","1076","1.05","2026-04-14 21:52:44","2026-04-14","2026-04-14 21:52:44","data","python","human"
"data/python/human/randim.py","randim.py",".py","Python","Human","0","4","4","0","0","0","0","0","1.6","64","0.06","2026-04-14 21:52:44","2026-04-14","2026-04-14 21:52:44","data","python","human"
"data/python/human/range_fun.py","range_fun.py",".py","Python","Human","0","3","3","0","0","0","0","0","1.2","42","0.04","2026-04-14 21:52:44","2026-04-14","2026-04-14 21:52:44","data","python","human"
"data/python/human/Robo_Speaker.py","Robo_Speaker.py",".py","Python","Human","0","16","16","0","0","0","0","0","6.4","1553","1.52","2026-04-14 21:52:44","2026-04-14","2026-04-14 21:52:44","data","python","human"
"data/python/human/rock_paper.py","rock_paper.py",".py","Python","Human","0","20","17","0","3","0","0","0","6.8","544","0.53","2026-04-14 21:52:44","2026-04-14","2026-04-14 21:52:44","data","python","human"
"data/python/human/Rock_Paper_Scissor.py","Rock_Paper_Scissor.py",".py","Python","Human","0","26","22","0","4","0","1","0","10.8","827","0.81","2026-04-14 21:52:44","2026-04-14","2026-04-14 21:52:44","data","python","human"
"data/python/human/sa.py","sa.py",".py","Python","Human","0","3","3","0","0","0","0","0","1.2","77","0.08","2026-04-14 21:52:44","2026-04-14","2026-04-14 21:52:44","data","python","human"
"data/python/human/Senior_Citizen.py","Senior_Citizen.py",".py","Python","Human","0","10","10","0","0","0","0","0","4","273","0.27","2026-04-14 21:52:44","2026-04-14","2026-04-14 21:52:44","data","python","human"
"data/python/human/SLL.py","SLL.py",".py","Python","Human","0","51","49","0","2","0","6","2","37.6","1197","1.17","2026-04-14 21:52:44","2026-04-14","2026-04-14 21:52:44","data","python","human"
"data/python/human/Student_Details.py","Student_Details.py",".py","Python","Human","0","15","11","0","4","0","0","0","4.4","347","0.34","2026-04-14 21:52:44","2026-04-14","2026-04-14 21:52:44","data","python","human"
"data/python/human/Sum.py","Sum.py",".py","Python","Human","0","9","8","0","1","0","0","0","3.2","225","0.22","2026-04-14 21:52:44","2026-04-14","2026-04-14 21:52:44","data","python","human"
"data/python/human/system-design-primer___init__.py","system-design-primer___init__.py",".py","Python","Human","0","0","0","0","0","0","0","0","0","0","0","2026-04-14 21:52:44","2026-04-14","2026-04-14 21:52:44","data","python","human"
"data/python/human/system-design-primer_call_center.py","system-design-primer_call_center.py",".py","Python","Human","0","122","86","0","36","0","18","8","94.4","3385","3.31","2026-04-14 21:52:44","2026-04-14","2026-04-14 21:52:44","data","python","human"
"data/python/human/system-design-primer_deck_of_cards.py","system-design-primer_deck_of_cards.py",".py","Python","Human","0","117","85","0","32","0","18","6","88","2664","2.6","2026-04-14 21:52:44","2026-04-14","2026-04-14 21:52:44","data","python","human"
"data/python/human/system-design-primer_hash_map copy.py","system-design-primer_hash_map copy.py",".py","Python","Human","0","38","30","0","8","0","6","2","30","1117","1.09","2026-04-14 21:52:44","2026-04-14","2026-04-14 21:52:44","data","python","human"
"data/python/human/system-design-primer_hash_map.py","system-design-primer_hash_map.py",".py","Python","Human","0","38","30","0","8","0","6","2","30","1117","1.09","2026-04-14 21:52:44","2026-04-14","2026-04-14 21:52:44","data","python","human"
"data/python/human/system-design-primer_lru_cache.py","system-design-primer_lru_cache.py",".py","Python","Human","0","66","48","4","14","8.33","8","3","44.6","1997","1.95","2026-04-14 21:52:44","2026-04-14","2026-04-14 21:52:44","data","python","human"
"data/python/human/system-design-primer_mint_mapreduce.py","system-design-primer_mint_mapreduce.py",".py","Python","Human","0","57","41","1","15","2.44","7","1","33.5","1532","1.5","2026-04-14 21:52:44","2026-04-14","2026-04-14 21:52:44","data","python","human"
"data/python/human/system-design-primer_mint_snippets.py","system-design-primer_mint_snippets.py",".py","Python","Human","0","50","31","2","17","6.45","5","4","34.6","1463","1.43","2026-04-14 21:52:44","2026-04-14","2026-04-14 21:52:44","data","python","human"
"data/python/human/system-design-primer_online_chat.py","system-design-primer_online_chat.py",".py","Python","Human","0","104","68","0","36","0","19","8","89.2","2547","2.49","2026-04-14 21:52:44","2026-04-14","2026-04-14 21:52:44","data","python","human"
"data/python/human/system-design-primer_parking_lot.py","system-design-primer_parking_lot.py",".py","Python","Human","0","125","85","0","40","0","22","8","102","3195","3.12","2026-04-14 21:52:44","2026-04-14","2026-04-14 21:52:44","data","python","human"
"data/python/human/system-design-primer_pastebin.py","system-design-primer_pastebin.py",".py","Python","Human","0","46","32","1","13","3.12","5","1","25.9","1101","1.08","2026-04-14 21:52:44","2026-04-14","2026-04-14 21:52:44","data","python","human"
"data/python/human/system-design-primer_query_cache_snippets.py","system-design-primer_query_cache_snippets.py",".py","Python","Human","0","90","64","5","21","7.81","11","4","60.1","2700","2.64","2026-04-14 21:52:44","2026-04-14","2026-04-14 21:52:44","data","python","human"
"data/python/human/system-design-primer_sales_rank_mapreduce.py","system-design-primer_sales_rank_mapreduce.py",".py","Python","Human","0","77","58","1","18","1.72","6","1","38.3","1998","1.95","2026-04-14 21:52:44","2026-04-14","2026-04-14 21:52:44","data","python","human"
"data/python/human/system-design-primer_social_graph_snippets.py","system-design-primer_social_graph_snippets.py",".py","Python","Human","0","72","49","3","20","6.12","8","6","53.9","1822","1.78","2026-04-14 21:52:44","2026-04-14","2026-04-14 21:52:44","data","python","human"
"data/python/human/system-design-primer_web_crawler_mapreduce.py","system-design-primer_web_crawler_mapreduce.py",".py","Python","Human","0","25","16","1","8","6.25","3","1","15.5","519","0.51","2026-04-14 21:52:44","2026-04-14","2026-04-14 21:52:44","data","python","human"
"data/python/human/system-design-primer_web_crawler_snippets.py","system-design-primer_web_crawler_snippets.py",".py","Python","Human","0","73","53","2","18","3.77","12","3","54.4","2275","2.22","2026-04-14 21:52:44","2026-04-14","2026-04-14 21:52:44","data","python","human"
"data/python/human/Test1.py","Test1.py",".py","Python","Human","0","24","21","0","3","0","1","1","13.4","450","0.44","2026-04-14 21:52:44","2026-04-14","2026-04-14 21:52:44","data","python","human"
"data/python/human/Triangle_Side.py","Triangle_Side.py",".py","Python","Human","0","11","9","0","2","0","1","0","5.6","303","0.3","2026-04-14 21:52:44","2026-04-14","2026-04-14 21:52:44","data","python","human"
"data/python/human/TT3.py","TT3.py",".py","Python","Human","0","25","24","0","1","0","0","0","9.6","321","0.31","2026-04-14 21:52:44","2026-04-14","2026-04-14 21:52:44","data","python","human"
"data/python/human/Untitled-1.py","Untitled-1.py",".py","Python","Human","0","3","3","0","0","0","0","0","1.2","67","0.07","2026-04-14 21:52:44","2026-04-14","2026-04-14 21:52:44","data","python","human"
"data/python/human/Untitled-2.py","Untitled-2.py",".py","Python","Human","0","28","14","10","4","71.43","0","0","6.6","538","0.53","2026-04-14 21:52:44","2026-04-14","2026-04-14 21:52:44","data","python","human"
"data/python/human/water_jug.py","water_jug.py",".py","Python","Human","0","44","39","0","5","0","1","0","17.6","1032","1.01","2026-04-14 21:52:44","2026-04-14","2026-04-14 21:52:44","data","python","human"
"data/python/human/zeroFilledSubarray.py","zeroFilledSubarray.py",".py","Python","Human","0","13","11","0","2","0","1","1","9.4","306","0.3","2026-04-14 21:52:44","2026-04-14","2026-04-14 21:52:44","data","python","human"
